ts	phase	decision	why	evidence	result
2026-10-06T12:05:04Z	trail	Logged the kit-section decisions after the tree was already in the working tree	The run is one conversation. The log starts here because the earlier turns did not write it.	docs/decisions/kit-section.tsv	open
2026-10-06T12:05:04Z	tree	A press kit orders only KitSection children	A section is the composition object. Content is the child. The old code guessed which direct children counted.	app/models/recording_studio_presskits/press_kit.rb	in working tree
2026-10-06T12:05:04Z	tree	KitSection stores title and subtitle only	Headings are section metadata. Body stays on Text. Attachments stay on Images. Quotes stay under QuoteSection.	app/models/recording_studio_presskits/kit_section.rb	in working tree
2026-10-06T12:05:04Z	tree	No content_type column and no belongs_to content	The recording parent is the relationship. A second association would drift from the tree.	lib/recording_studio_presskits/kit_query.rb	in working tree
2026-10-06T12:05:04Z	registry	register_section names content, and section? is true only for KitSection	The menu lists what you can put inside a section. The tree says what a section is.	lib/recording_studio_presskits.rb	in working tree
2026-10-06T12:05:04Z	compose	create_section! writes the kit section and its content in one Recording transaction	A failed content write must not leave an empty kit section.	lib/recording_studio_presskits/section_composer.rb	in working tree
2026-10-06T12:05:04Z	migrate	Reparent legacy content with Recording#update! and copy the position integer	record! ignores parent_recording on an existing recording. Orderable reorder needs an actor.	lib/recording_studio_presskits/legacy_section_tree.rb	in working tree
2026-10-06T12:05:04Z	migrate	Set migrated quote-section titles to Quotes and leave new ones blank	QuoteSection stored no title. The old public page showed Quotes.	lib/recording_studio_presskits/legacy_section_tree.rb	in working tree
2026-10-06T12:05:04Z	migrate	Drop text title and images title and subtitle after copying them, and make down raise	Those columns were section headings. The move cannot be reversed safely.	db/migrate/20261006160000_introduce_recording_studio_kit_sections.rb	in working tree
2026-10-06T12:05:04Z	api	Kit section API is index, show, and update with flat title, subtitle, content_type, and content_id	A generic create would allow a section with no content. The API skill wants flat keys.	lib/recording_studio_presskits/api.rb	in working tree
2026-10-06T12:05:04Z	dup	Clear a kit section heading that strips to exactly (Copy)	Duplicatable appends that suffix even when the title was blank.	app/models/recording_studio_presskits/kit_section.rb	in working tree
2026-10-06T12:05:04Z	docs	README, MIGRATION_NOTES, and CHANGELOG tell hosts to call create_section!	The old pages still said to record content directly under the press kit.	README.md	written, suite not re-run
2026-10-06T12:25:22Z	verify	Re-ran gem, dummy, declaration, and quote payload tests after the docs	The docs row said the suite had not been re-run.	test/dummy/test/integration/kit_section_tree_test.rb	78 gem, 83 dummy, 32 declarations, 2 quote payload, 0 failures
2026-10-06T12:25:22Z	verify	Drove Spring launch in Chrome through add, edit, reorder, remove, and the public page	The list labels are content types. The preview headings are kit section titles.	/opt/cursor/artifacts/press-kit-section-editor.mp4	quotes first, body kept, image on Images, scratch section removed
2026-10-06T12:25:22Z	review	Composer 2.5 flagged narrow evidence on several rows	The decisions match the code. This row records the review. The verify rows above are the missing proof.	docs/decisions/kit-section.tsv	flags in the handback
2026-10-06T12:25:22Z	review	Kept two why comments and dropped eight others	Comment Sicko. The kept lines name the Duplicatable blank-title suffix and why reparent uses Recording#update!.	app/models/recording_studio_presskits/kit_section.rb	8 deleted, 2 kept
